{
    "acc": 0.7027439024390244,
    "pre": 0.6842105263157895,
    "recall": 0.3729508196721312,
    "f1_score": 0.4827586206896552
}